<?xml version="1.0" encoding="UTF-8"?>
<forms version="1.8.20.5">
	<form labelPlacement="top_label" useCurrentUserAsAuthor="1">
		<title><![CDATA[Contact]]></title>
		<descriptionPlacement><![CDATA[below]]></descriptionPlacement>
		<button type="text">
			<text><![CDATA[Submit]]></text>
		</button>
		<fields>
			<field id="1" isRequired="1" size="large" type="name" nameFormat="simple">
				<label><![CDATA[Name]]></label>
			</field>
			<field id="2" isRequired="1" size="large" type="email">
				<label><![CDATA[Email]]></label>
			</field>
			<field id="3" isRequired="1" size="large" type="phone" phoneFormat="international">
				<label><![CDATA[Phone]]></label>
			</field>
			<field id="4" size="large" type="textarea">
				<label><![CDATA[Message]]></label>
			</field>
		</fields>
		<postContentTemplateEnabled><![CDATA[0]]></postContentTemplateEnabled>
		<postTitleTemplateEnabled><![CDATA[0]]></postTitleTemplateEnabled>
		<confirmations>
			<confirmation id="54cdce076e2a7" isDefault="1" type="message">
				<name><![CDATA[Default Confirmation]]></name>
				<message><![CDATA[Thanks for contacting us! We will get in touch with you shortly.]]></message>
			</confirmation>
		</confirmations>
		<notifications>
			<notification id="54cdce076a5b7">
				<to><![CDATA[{admin_email}]]></to>
				<name><![CDATA[Admin Notification]]></name>
				<event><![CDATA[form_submission]]></event>
				<toType><![CDATA[email]]></toType>
				<subject><![CDATA[New submission from {form_title}]]></subject>
				<message><![CDATA[{all_fields}]]></message>
				<isActive><![CDATA[0]]></isActive>
			</notification>
		</notifications>
	</form>
</forms>